PRECISION,PRECISION_RECALL_MIN_DEN,RECALL,MAP,MAP_MIN_DEN,MRR,NDCG,F1,HIT_RATE,ARHR_ALL_HITS,NOVELTY,AVERAGE_POPULARITY,DIVERSITY_MEAN_INTER_LIST,DIVERSITY_HERFINDAHL,COVERAGE_ITEM,COVERAGE_ITEM_HIT,ITEMS_IN_GT,COVERAGE_USER,COVERAGE_USER_HIT,USERS_IN_GT,DIVERSITY_GINI,SHANNON_ENTROPY,RATIO_DIVERSITY_HERFINDAHL,RATIO_DIVERSITY_GINI,RATIO_SHANNON_ENTROPY,RATIO_AVERAGE_POPULARITY,RATIO_NOVELTY
0.1659681475272471,0.21428391809364147,0.14338233543494874,0.08717176253010313,0.10744753007222549,0.3854986096142837,0.18777232188043586,0.15385074154338335,0.7270746018440906,0.5700997219228592,0.024551938728978658,0.4494378870106992,0.9497051771371453,0.9949545964198816,0.31728045325779036,0.19624002060262682,0.8532062838011847,0.9875827814569537,0.7180463576158941,0.9875827814569537,0.0711749796918689,8.451120759322501,0.9957681786801542,0.203534363291611,0.7815730945871446,1.6270081253142152,0.06655256179449436
0.1659681475272471,0.21428391809364147,0.14338233543494874,0.08717176253010313,0.10744753007222549,0.3854986096142837,0.18777232188043586,0.15385074154338335,0.7270746018440906,0.5700997219228592,0.024551938728978658,0.4494378870106992,0.9497051771371453,0.9949545964198816,0.31728045325779036,0.19624002060262682,0.8532062838011847,0.9875827814569537,0.7180463576158941,0.9875827814569537,0.0711749796918689,8.451120759322501,0.9957681786801542,0.203534363291611,0.7815730945871446,1.6270081253142152,0.06655256179449436
0.1659681475272471,0.21428391809364147,0.14338233543494874,0.08717176253010313,0.10744753007222549,0.3854986096142837,0.18777232188043586,0.15385074154338335,0.7270746018440906,0.5700997219228592,0.024551938728978658,0.4494378870106992,0.9497051771371453,0.9949545964198816,0.31728045325779036,0.19624002060262682,0.8532062838011847,0.9875827814569537,0.7180463576158941,0.9875827814569537,0.0711749796918689,8.451120759322501,0.9957681786801542,0.203534363291611,0.7815730945871446,1.6270081253142152,0.06655256179449436
