PRECISION,PRECISION_RECALL_MIN_DEN,RECALL,MAP,MAP_MIN_DEN,MRR,NDCG,F1,HIT_RATE,ARHR_ALL_HITS,NOVELTY,AVERAGE_POPULARITY,DIVERSITY_MEAN_INTER_LIST,DIVERSITY_HERFINDAHL,COVERAGE_ITEM,COVERAGE_ITEM_HIT,ITEMS_IN_GT,COVERAGE_USER,COVERAGE_USER_HIT,USERS_IN_GT,DIVERSITY_GINI,SHANNON_ENTROPY,RATIO_DIVERSITY_HERFINDAHL,RATIO_DIVERSITY_GINI,RATIO_SHANNON_ENTROPY,RATIO_AVERAGE_POPULARITY,RATIO_NOVELTY,RECOMMENDER,PARAMS
0.178129183400272,0.22529914632073217,0.14725603897680964,0.11185015193047337,0.13523409191692426,0.45242039586919186,0.20779884613783645,0.16122796101231465,0.7183734939759037,0.6920383252587105,0.024084037972919723,0.4861535740532359,0.9323167873726427,0.9932160777200726,0.1501416430594901,0.12825135204738605,0.8550090136492403,0.9894039735099338,0.7107615894039735,0.9894039735099338,0.04249144707908186,7.778916615068516,0.9940276401474023,0.12145285708201432,0.7193568961307445,1.7428911106022842,0.05802641081051287,DiffusionAutoencoderRecommender_ItemKNNCFRecommender_TwoLevelRec,{'n_items_to_rank': 204}
0.20826639892905008,0.2625382482310177,0.1706051157693275,0.13707264242153736,0.16448503602256467,0.49506943116381064,0.24495109287459715,0.1875639192798027,0.7530120481927711,0.7962154172244551,0.025009642780006523,0.40425752255142605,0.9633720152576836,0.9963210808427821,0.269379345866598,0.2183878444501674,0.8550090136492403,0.9894039735099338,0.7450331125827815,0.9894039735099338,0.08196520203712204,8.71529598164932,0.9971351803855771,0.23428027645624055,0.805948768505315,1.4492886200026758,0.060256498839961904,DiffusionAutoencoderRecommender_SLIMElasticNetRecommender_TwoLevelRec,{'n_items_to_rank': 105}
0.20460174029451264,0.25837098393574237,0.16945408158032652,0.13106381876713125,0.1575806013115611,0.4852230349971342,0.2288376613110236,0.1853766093925097,0.7580321285140562,0.7734433102781518,0.02518966232373282,0.3836860349522609,0.9686552570113087,0.9968493166104848,0.2799381921194952,0.23074942055112027,0.8550090136492403,0.9894039735099338,0.75,0.9894039735099338,0.09196945695587018,8.890724140851262,0.997663847777688,0.2628753332590227,0.8221715232078126,1.375538544343407,0.06069022544386149,DiffusionAutoencoderRecommender_IALSRecommender_TwoLevelRec,{'n_items_to_rank': 285}
