PRECISION,PRECISION_RECALL_MIN_DEN,RECALL,MAP,MAP_MIN_DEN,MRR,NDCG,F1,HIT_RATE,ARHR_ALL_HITS,NOVELTY,AVERAGE_POPULARITY,DIVERSITY_MEAN_INTER_LIST,DIVERSITY_HERFINDAHL,COVERAGE_ITEM,COVERAGE_ITEM_HIT,ITEMS_IN_GT,COVERAGE_USER,COVERAGE_USER_HIT,USERS_IN_GT,DIVERSITY_GINI,SHANNON_ENTROPY,RATIO_DIVERSITY_HERFINDAHL,RATIO_DIVERSITY_GINI,RATIO_SHANNON_ENTROPY,RATIO_AVERAGE_POPULARITY,RATIO_NOVELTY,timestep
0.22882263179702853,0.28765146565096267,0.18094184000980593,0.15025292554487638,0.17855360081988286,0.4984642936826677,0.25823691739524357,0.20208481155368968,0.7826305220883534,0.82342724070887,0.023913108222856996,0.5021510010033086,0.9353443817109441,0.9934885307478801,0.19083183105845997,0.1617306206541334,0.8550090136492403,0.9894039735099338,0.7743377483443709,0.9894039735099338,0.045774924203246005,7.880571555157098,0.9943003157981068,0.13083798527383556,0.7287574573910139,1.800242891421935,0.05761458452506894,1
0.2035298450819244,0.32928140883450896,0.25329450291516964,0.12271220004782489,0.17189235753439683,0.5039454375871438,0.25702602055527196,0.22570159040102417,0.856425702811245,0.8836813051858967,0.0420479532648134,0.41445676490976385,0.9777066374283746,0.9960847857677552,0.2709245428792171,0.22894669070306464,0.8550090136492403,0.9894039735099338,0.8473509933774834,0.9894039735099338,0.0766322845743461,8.62141173672808,0.9968986922325191,0.21903725446098443,0.7972668038611258,1.485853544730101,0.10130742247744093,1
