PRECISION,PRECISION_RECALL_MIN_DEN,RECALL,MAP,MAP_MIN_DEN,MRR,NDCG,F1,HIT_RATE,ARHR_ALL_HITS,NOVELTY,AVERAGE_POPULARITY,DIVERSITY_MEAN_INTER_LIST,DIVERSITY_HERFINDAHL,COVERAGE_ITEM,COVERAGE_ITEM_HIT,ITEMS_IN_GT,COVERAGE_USER,COVERAGE_USER_HIT,USERS_IN_GT,DIVERSITY_GINI,SHANNON_ENTROPY,RATIO_DIVERSITY_HERFINDAHL,RATIO_DIVERSITY_GINI,RATIO_SHANNON_ENTROPY,RATIO_AVERAGE_POPULARITY,RATIO_NOVELTY,timestep
0.2549002225834505,0.3117255397250344,0.17565650444202255,0.18025892710107164,0.2084891029379544,0.5178246717026858,0.2520209581172743,0.20798598312390734,0.7809571619812584,0.8255528728671273,0.021422045514764163,0.45569693483808094,0.959086860692421,0.9946653174597192,0.20525366984290497,0.1761524594385784,0.8550090136492403,0.9894039735099338,0.7726821192052981,0.9894039735099338,0.05675674523812371,8.185330147092033,0.9954780640689679,0.16222720904319654,0.7569400701649857,1.6337021452629041,0.05161279079691282,1
0.2538612180805899,0.313342076820989,0.177865965240741,0.17934965662900393,0.20848785241792414,0.5181593437241048,0.21890677633574482,0.20917501762907145,0.7846385542168675,0.8267546496713133,0.021980916397928384,0.4552170750781623,0.9914076215601598,0.9945982773324711,0.20525366984290497,0.1761524594385784,0.8550090136492403,0.9894039735099338,0.7763245033112582,0.9894039735099338,0.05633296078594363,8.172978519646016,0.9954109691628559,0.16101591039270777,0.7557978509047202,1.6319818178714482,0.05295929554387365,1
