PRECISION,PRECISION_RECALL_MIN_DEN,RECALL,MAP,MAP_MIN_DEN,MRR,NDCG,F1,HIT_RATE,ARHR_ALL_HITS,NOVELTY,AVERAGE_POPULARITY,DIVERSITY_MEAN_INTER_LIST,DIVERSITY_HERFINDAHL,COVERAGE_ITEM,COVERAGE_ITEM_HIT,ITEMS_IN_GT,COVERAGE_USER,COVERAGE_USER_HIT,USERS_IN_GT,DIVERSITY_GINI,SHANNON_ENTROPY,RATIO_DIVERSITY_HERFINDAHL,RATIO_DIVERSITY_GINI,RATIO_SHANNON_ENTROPY,RATIO_AVERAGE_POPULARITY,RATIO_NOVELTY,timestep
0.24597835787594585,0.3122460742440655,0.19902812413437304,0.1654575311829321,0.19735318399448107,0.524600717685559,0.2858020677172231,0.22002650803889987,0.8075635876840697,0.887229340642999,0.024473564361151286,0.4576840463782311,0.9515676009477241,0.9951406743154718,0.26062322946175637,0.21220705639969095,0.8550090136492403,0.9894039735099338,0.7990066225165563,0.9894039735099338,0.06813957966317472,8.42134590003767,0.9959538093414733,0.19476264517557842,0.7787656749218299,1.6408260649951567,0.0589649086757992,1
0.17686321873030775,0.35592118225225433,0.3056651890013425,0.10488764129906138,0.17425427774260502,0.5299478377444847,0.29603916886141884,0.22407356049656807,0.8892235609103079,0.9780045808280837,0.06066379759604641,0.3906961253256267,0.9622218458212208,0.9967547250215409,0.3136749935616791,0.2665464846767963,0.8550090136492403,0.9894039735099338,0.8798013245033113,0.9894039735099338,0.09112208105461621,8.874786665253247,0.9975691788974264,0.26045328761679726,0.8206977019103663,1.4006701588132824,0.14615914675902864,1
